﻿designator,quantity,value,pack,mpn,mount_type
"BOOST, GAIN",2,5KC,SolderWire-0.5sqmm_1x02_P4.6mm_D0.9mm_OD2.1mm,,tht
C1,1,47u,CP_Radial_D6.3mm_P2.50mm,,tht
"C10, C11, C12, C9",4,1n,C_Radial_D6.3mm_H5.0mm_P2.50mm,,tht
"C13, C2",2,100n,C_Rect_L11.0mm_W3.4mm_P10.00mm_MKT,,tht
C14,1,10u,CP_Radial_D6.3mm_P2.50mm,,tht
"C3, C5, C8",3,22n,C_Rect_L11.0mm_W3.4mm_P10.00mm_MKT,,tht
C4,1,470p,C_Radial_D6.3mm_H5.0mm_P2.50mm,,tht
C6,1,1u,CP_Radial_D5.0mm_P2.00mm,,tht
C7,1,10n,C_Rect_L11.0mm_W3.4mm_P10.00mm_MKT,,tht
D1,1,1N4007,D_DO-41_SOD81_P7.62mm_Horizontal,,tht
D2,1,9.1VZener,D_DO-41_SOD81_P7.62mm_Horizontal,,tht
D3,1,1N4148,D_DO-41_SOD81_P7.62mm_Horizontal,,tht
J1,1,OD_IN,SolderWire-0.5sqmm_1x02_P4.6mm_D0.9mm_OD2.1mm,,tht
J2,1,ODR_OUT,SolderWire-0.5sqmm_1x02_P4.6mm_D0.9mm_OD2.1mm,,tht
J3,1,9V,SolderWire-0.5sqmm_1x02_P4.6mm_D0.9mm_OD2.1mm,,tht
J4,1,SHO_IN,SolderWire-0.5sqmm_1x02_P4.6mm_D0.9mm_OD2.1mm,,tht
J5,1,SHO_OUT,SolderWire-0.5sqmm_1x02_P4.6mm_D0.9mm_OD2.1mm,,tht
"LEVEL, TONE1",2,100KB,SolderWire-0.5sqmm_1x03_P4.6mm_D0.9mm_OD2.1mm,,tht
"Q1, Q2, Q3, Q4",4,BS170,TO-92_Inline,,tht
R1,1,82R,R_Axial_DIN0207_L6.3mm_D2.5mm_P7.62mm_Horizontal,,tht
"R10, R14, R24, R5",4,5K1,R_Axial_DIN0207_L6.3mm_D2.5mm_P7.62mm_Horizontal,,tht
"R11, R12, R2, R22, R23, R3, R4, R7, R8",9,1M,R_Axial_DIN0207_L6.3mm_D2.5mm_P7.62mm_Horizontal,,tht
R13,1,330R,R_Axial_DIN0207_L6.3mm_D2.5mm_P7.62mm_Horizontal,,tht
"R15, R25",2,47K,R_Axial_DIN0207_L6.3mm_D2.5mm_P7.62mm_Horizontal,,tht
R16,1,82K,R_Axial_DIN0207_L6.3mm_D2.5mm_P7.62mm_Horizontal,,tht
"R17, R18",2,10K,R_Axial_DIN0207_L6.3mm_D2.5mm_P7.62mm_Horizontal,,tht
R6,1,470K,R_Axial_DIN0207_L6.3mm_D2.5mm_P7.62mm_Horizontal,,tht
R9,1,100R,R_Axial_DIN0207_L6.3mm_D2.5mm_P7.62mm_Horizontal,,tht
