﻿pos_x,pos_y,rotation,side,designator,mpn,pack,value,mount_type,place
106.7,-80.0,0.0,top,BOOST,,SolderWire-0.5sqmm_1x02_P4.6mm_D0.9mm_OD2.1mm,5KC,tht,True
103.0,-98.0,180.0,top,C1,,CP_Radial_D6.3mm_P2.50mm,47u,tht,True
76.0,-113.0,0.0,top,C10,,C_Radial_D6.3mm_H5.0mm_P2.50mm,1n,tht,True
91.5,-108.0,0.0,top,C11,,C_Radial_D6.3mm_H5.0mm_P2.50mm,1n,tht,True
101.0,-113.0,180.0,top,C12,,C_Radial_D6.3mm_H5.0mm_P2.50mm,1n,tht,True
85.0,-119.0,180.0,top,C13,,C_Rect_L11.0mm_W3.4mm_P10.00mm_MKT,100n,tht,True
102.0,-106.0,0.0,top,C14,,CP_Radial_D6.3mm_P2.50mm,10u,tht,True
38.0,-101.0,0.0,top,C2,,C_Rect_L11.0mm_W3.4mm_P10.00mm_MKT,100n,tht,True
38.0,-96.0,0.0,top,C3,,C_Rect_L11.0mm_W3.4mm_P10.00mm_MKT,22n,tht,True
45.25,-113.0,0.0,top,C4,,C_Radial_D6.3mm_H5.0mm_P2.50mm,470p,tht,True
56.0,-106.0,0.0,top,C5,,C_Rect_L11.0mm_W3.4mm_P10.00mm_MKT,22n,tht,True
68.25,-113.0,0.0,top,C6,,CP_Radial_D5.0mm_P2.00mm,1u,tht,True
69.0,-106.0,0.0,top,C7,,C_Rect_L11.0mm_W3.4mm_P10.00mm_MKT,10n,tht,True
38.0,-106.0,0.0,top,C8,,C_Rect_L11.0mm_W3.4mm_P10.00mm_MKT,22n,tht,True
86.0,-109.0,180.0,top,C9,,C_Radial_D6.3mm_H5.0mm_P2.50mm,1n,tht,True
110.0,-106.19,-90.0,top,D1,,D_DO-41_SOD81_P7.62mm_Horizontal,1N4007,tht,True
52.0,-104.0,90.0,top,D2,,D_DO-41_SOD81_P7.62mm_Horizontal,9.1VZener,tht,True
92.0,-80.0,0.0,top,D3,,D_DO-41_SOD81_P7.62mm_Horizontal,1N4148,tht,True
39.7,-80.0,0.0,top,GAIN,,SolderWire-0.5sqmm_1x02_P4.6mm_D0.9mm_OD2.1mm,5KC,tht,True
45.0,-119.0,180.0,top,J1,,SolderWire-0.5sqmm_1x02_P4.6mm_D0.9mm_OD2.1mm,OD_IN,tht,True
52.0,-119.0,0.0,top,J2,,SolderWire-0.5sqmm_1x02_P4.6mm_D0.9mm_OD2.1mm,ODR_OUT,tht,True
79.7,-80.0,0.0,top,J3,,SolderWire-0.5sqmm_1x02_P4.6mm_D0.9mm_OD2.1mm,9V,tht,True
102.7,-119.0,0.0,top,J4,,SolderWire-0.5sqmm_1x02_P4.6mm_D0.9mm_OD2.1mm,SHO_IN,tht,True
90.7,-119.0,0.0,top,J5,,SolderWire-0.5sqmm_1x02_P4.6mm_D0.9mm_OD2.1mm,SHO_OUT,tht,True
64.1,-80.0,0.0,top,LEVEL,,SolderWire-0.5sqmm_1x03_P4.6mm_D0.9mm_OD2.1mm,100KB,tht,True
61.27,-98.0,180.0,top,Q1,,TO-92_Inline,BS170,tht,True
69.54,-98.0,180.0,top,Q2,,TO-92_Inline,BS170,tht,True
77.54,-98.0,180.0,top,Q3,,TO-92_Inline,BS170,tht,True
95.27,-98.0,180.0,top,Q4,,TO-92_Inline,BS170,tht,True
110.0,-102.81,90.0,top,R1,,R_Axial_DIN0207_L6.3mm_D2.5mm_P7.62mm_Horizontal,82R,tht,True
70.0,-91.81,90.0,top,R10,,R_Axial_DIN0207_L6.3mm_D2.5mm_P7.62mm_Horizontal,5K1,tht,True
78.0,-84.19,-90.0,top,R11,,R_Axial_DIN0207_L6.3mm_D2.5mm_P7.62mm_Horizontal,1M,tht,True
86.0,-91.81,90.0,top,R12,,R_Axial_DIN0207_L6.3mm_D2.5mm_P7.62mm_Horizontal,1M,tht,True
87.0,-95.19,-90.0,top,R13,,R_Axial_DIN0207_L6.3mm_D2.5mm_P7.62mm_Horizontal,330R,tht,True
82.0,-84.19,-90.0,top,R14,,R_Axial_DIN0207_L6.3mm_D2.5mm_P7.62mm_Horizontal,5K1,tht,True
83.0,-95.19,-90.0,top,R15,,R_Axial_DIN0207_L6.3mm_D2.5mm_P7.62mm_Horizontal,47K,tht,True
74.0,-91.81,90.0,top,R16,,R_Axial_DIN0207_L6.3mm_D2.5mm_P7.62mm_Horizontal,82K,tht,True
90.0,-84.19,-90.0,top,R17,,R_Axial_DIN0207_L6.3mm_D2.5mm_P7.62mm_Horizontal,10K,tht,True
94.0,-91.81,90.0,top,R18,,R_Axial_DIN0207_L6.3mm_D2.5mm_P7.62mm_Horizontal,10K,tht,True
38.0,-84.19,-90.0,top,R2,,R_Axial_DIN0207_L6.3mm_D2.5mm_P7.62mm_Horizontal,1M,tht,True
102.0,-91.81,90.0,top,R22,,R_Axial_DIN0207_L6.3mm_D2.5mm_P7.62mm_Horizontal,1M,tht,True
106.0,-84.19,-90.0,top,R23,,R_Axial_DIN0207_L6.3mm_D2.5mm_P7.62mm_Horizontal,1M,tht,True
98.0,-84.19,-90.0,top,R24,,R_Axial_DIN0207_L6.3mm_D2.5mm_P7.62mm_Horizontal,5K1,tht,True
110.0,-91.81,90.0,top,R25,,R_Axial_DIN0207_L6.3mm_D2.5mm_P7.62mm_Horizontal,47K,tht,True
42.0,-84.19,-90.0,top,R3,,R_Axial_DIN0207_L6.3mm_D2.5mm_P7.62mm_Horizontal,1M,tht,True
46.0,-91.81,90.0,top,R4,,R_Axial_DIN0207_L6.3mm_D2.5mm_P7.62mm_Horizontal,1M,tht,True
50.0,-84.19,-90.0,top,R5,,R_Axial_DIN0207_L6.3mm_D2.5mm_P7.62mm_Horizontal,5K1,tht,True
54.0,-84.19,-90.0,top,R6,,R_Axial_DIN0207_L6.3mm_D2.5mm_P7.62mm_Horizontal,470K,tht,True
58.0,-84.19,-90.0,top,R7,,R_Axial_DIN0207_L6.3mm_D2.5mm_P7.62mm_Horizontal,1M,tht,True
62.0,-91.81,90.0,top,R8,,R_Axial_DIN0207_L6.3mm_D2.5mm_P7.62mm_Horizontal,1M,tht,True
66.0,-84.19,-90.0,top,R9,,R_Axial_DIN0207_L6.3mm_D2.5mm_P7.62mm_Horizontal,100R,tht,True
49.0,-80.0,0.0,top,TONE1,,SolderWire-0.5sqmm_1x03_P4.6mm_D0.9mm_OD2.1mm,100KB,tht,True
